filter_config,N,K,config_T,config_fix_mu,results_steps_mean,results_steps_median,results_steps_std,timing_total_script_duration_s_mean,timing_total_script_duration_s_median,timing_total_script_duration_s_std,accuracy_state_estimation_factor_rmse_mean_mean,accuracy_state_estimation_factor_rmse_mean_median,accuracy_state_estimation_factor_rmse_mean_std,accuracy_state_estimation_factor_correlation_mean_mean,accuracy_state_estimation_factor_correlation_mean_median,accuracy_state_estimation_factor_correlation_mean_std,accuracy_state_estimation_volatility_rmse_mean_mean,accuracy_state_estimation_volatility_rmse_mean_median,accuracy_state_estimation_volatility_rmse_mean_std,accuracy_state_estimation_volatility_correlation_mean_mean,accuracy_state_estimation_volatility_correlation_mean_median,accuracy_state_estimation_volatility_correlation_mean_std,loss_diff_mean,loss_diff_median,loss_diff_std,success_rate
PF-5000,10,3,500,1,209.2,204.0,94.67153743338069,93.82027506828308,115.07999205589294,40.25263938186228,1.3415074805117324,1.0888668450986818,0.6042205260879165,0.7781511901050473,0.7626611939247555,0.07106004652820172,1.880489552461696,1.3142931773873388,1.1062343527842051,0.5338566943831959,0.6598616549523898,0.22244143220491297,42366.4947265625,43077.88671875,28288.277535314064,100.0
PF-5000,10,3,1000,1,344.6,317.0,168.64400374753916,252.42911372184753,239.3900806903839,88.1263915891548,5.726624292519091,1.6184005085324848,9.305619348023788,0.8672759363514494,0.8796105085315382,0.043882416148470924,3.249088898532567,2.7342365382188816,1.9823597970637525,0.6549543509248866,0.7523824210537461,0.2619100034584305,2661208.1314453124,86142.8984375,5849167.744295318,100.0
PF-1000,5,2,1000,1,238.0,202.0,80.9135340965898,34.50062894821167,28.529598474502563,12.640286719067607,3.0077545553756044,1.4705013502325588,4.058764921744789,0.9345817496042368,0.9856010851455219,0.10916666556057707,1.5063912295299278,1.5233230214680442,0.3535859026381507,0.7814384421836922,0.791580296459073,0.06640308619609185,7264266.600878906,208646.87451171875,15691529.544253618,100.0
PF-10000,15,3,1000,0,303.0,269.0,106.44247272588137,649.5283054828644,627.5618319511414,162.86854553311565,1.0966270077130207,1.1138588333869932,0.5809614222599065,0.9465282009803933,0.9631639683261971,0.036228437940477594,2.536759909270896,1.922597758475819,1.2088647535099406,0.6268046215748353,0.755135449125735,0.19898288885466983,-106091.3126953125,-38273.53125,134117.79992647297,100.0
PF-10000,10,3,500,0,259.8,229.0,99.7632196753894,326.9206003665924,285.1069710254669,192.25440206820696,1.633233073675774,1.3188255381241598,1.0241580962044048,0.9146365861635474,0.943305934513936,0.049389506841564526,2.0028256903413584,1.9863055850402176,0.5471673960571531,0.701536929767295,0.7653750973296779,0.16887928413101388,38786.57626953125,3888.2197265625,59642.250496133456,100.0
PF-10000,5,2,1000,0,291.0,271.0,59.78712235925058,529.4271290302277,549.946371793747,115.50926709649626,0.7249816361647714,0.6401808096193393,0.3325930611482109,0.9895650743865219,0.9899307744690826,0.003982517609741449,1.6188505842155396,1.6212471442627372,0.15196405412622832,0.8134990204612536,0.8118751245064404,0.04003049858612956,516.27353515625,545.08935546875,564.2829793091794,100.0
PF-10000,15,5,500,0,215.4,219.0,60.82187106625379,335.01239161491395,334.1686923503876,112.50488581872702,2.0570158379359933,1.8778934330366404,0.6964367828832196,0.7371622958568238,0.794111722105508,0.10621037259226933,2.12476357924261,2.081873496097919,0.1123220381578139,0.6988133352685816,0.700271098961902,0.038579753173012744,68940.9375,24505.2578125,152955.3356289544,100.0
BIF,15,5,500,0,677.2,621.0,126.27628439259685,977.3531000614166,888.4775836467743,213.38323251454847,1.198309103831741,0.8707676831524005,0.5143107688474443,0.8718143960423808,0.8693950101780878,0.043292107254774156,1.3892432012215123,1.3782106968279524,0.042844131959035116,0.7855074768403462,0.77734853492023,0.03268024060593614,-158.18271320477663,-149.6913280688193,47.85880267450746,100.0
PF-5000,10,2,2000,0,220.2,210.0,73.7644901019454,300.36064610481264,300.57286500930786,91.91729751917964,1.822702193271916,1.4790962840154014,0.6701362941881055,0.9523113396289722,0.9736891047653463,0.06601979941551753,2.266728005815144,1.824921686863433,0.8797598835327126,0.730928023408992,0.801989473733864,0.19300872410750386,59672.855078125,48388.984375,89165.87424907195,100.0
PF-1000,5,2,500,0,252.0,261.0,36.65151201974256,28.717781364917755,24.80382537841797,9.489943403587834,2.389228488450653,1.3898168364333505,2.6744042493130498,0.976902974795603,0.9810175837271358,0.01194516589124749,1.4880797902508918,1.5522127919360882,0.3071650493199616,0.7860685956412542,0.7914545080040307,0.08968058770237135,652219.9337158203,333870.1707763672,879041.9033069976,100.0
PF-10000,10,5,1000,0,264.2,234.0,143.5886485764108,649.6749497890472,600.9452776908875,278.2250855418133,1.5124253133673133,1.5906561774395729,0.35778669469957136,0.7790147082039469,0.7829303469509806,0.03841257903642066,1.9649861312145256,1.959725615512387,0.16266258738676956,0.6543988990966427,0.6729220425754614,0.042990842754677745,104952.26640625,88540.4609375,104183.95248483382,100.0
PF-10000,15,3,500,0,264.4,282.0,94.59545443624656,288.2143493652344,269.9287974834442,138.89450828608582,2.4651902639352476,2.3591593197203276,1.258930019670352,0.8473063969643878,0.8358940660531555,0.07910843963532826,2.3393723317331245,2.206464398738334,0.46905671595682047,0.6965251837222237,0.701330211522194,0.07634787182063997,-12054.5083984375,13904.02734375,172101.2632950092,100.0
PF-5000,10,3,2000,0,309.0,277.0,169.92204094819482,357.6074108123779,375.0422873497009,148.41001647495014,2.4744831514965595,2.1722479554333103,1.6390113463077467,0.9127232268020826,0.9105205051166103,0.021144768930782903,1.8330335694204787,1.6560595269558185,0.48951800551968117,0.7775767236707508,0.7978636032289789,0.09488906741579359,401649.12421875,133010.0078125,528014.2660469046,100.0
PF-1000,15,2,2000,0,284.4,243.0,88.7795021387257,81.81484417915344,83.6285183429718,20.435398076034136,2.721006942719496,2.692075689512642,1.5922438936031198,0.942507842479596,0.9607763906563946,0.05585212770478744,2.083111071872539,2.04424815688376,0.21967617261381464,0.8013089652632222,0.8093968729204872,0.03154882093999919,-259955.0265625,143095.8359375,2499393.477237382,100.0
PF-1000,5,2,1000,0,542.6,322.0,461.3906154225506,70.39693546295166,37.695796489715576,53.59636841044983,6.046761959072219,4.070282676999161,7.683626617180425,0.9812426456274711,0.9877421041973916,0.015752518342305583,1.8154758904432586,1.6919354653889014,0.46770358717659793,0.7955956201625991,0.7904292923520659,0.0820346866714244,30230640.01347656,10441.7041015625,67543985.85182206,100.0
BIF,10,3,500,1,208.2,269.0,120.33578021519618,215.20502066612244,277.09133672714233,112.749958924725,1.8603606670092119,1.5946031476955531,0.8898605661625664,0.7557712045544271,0.768713088300799,0.055173857665628885,1.575749268345425,1.5630958963570285,0.08345012347820238,0.8392020503318213,0.8353178056185279,0.04195200619710552,311.1561028203399,-33.13522941121937,486.3647027610252,100.0
PF-5000,10,3,2000,1,437.8,449.0,219.73552284507846,564.1662167549133,509.68472719192505,355.4761794301549,5.939549724097583,2.549732623911492,5.404215020235367,0.8887444248482093,0.8851565974122145,0.04570437619963976,2.183939258232713,2.4291562564935227,0.8089700357431222,0.6755072406222563,0.8349658423395238,0.31711794604940235,29546006.20390625,195919.771484375,63573044.955063105,100.0
BIF,15,5,1000,1,467.0,464.0,36.256033980566606,1284.5050963401795,1254.9543249607086,119.21650981967981,1.151296288116758,1.041656194468769,0.355651028978084,0.8121094268891091,0.811427147303589,0.008158985813237148,1.4821678005925487,1.507079610601901,0.05913331360948221,0.8211620119489809,0.8292744051589658,0.03099481638430238,-148.99918144867098,-148.723711333369,14.464165648278765,100.0
BIF,10,3,500,0,325.0,342.0,89.72736483370053,321.6589262485504,335.4202010631561,84.18758358369729,2.0307163349993083,2.0999514947623994,1.1205605584380625,0.8105204925495129,0.814876536746441,0.01914851276688028,1.5148837862403117,1.510049841641789,0.05980108909910558,0.8420704029977927,0.8553479823856506,0.0415861819822643,-56.57568685484173,-56.80500998213665,17.7254724484561,100.0
PF-1000,10,5,1000,0,190.6,163.0,93.6392011926629,56.317097663879395,57.70035934448242,7.476041930900024,1.7483280345828647,1.5361570964409723,0.626176536990576,0.7093343919603503,0.7613204052903286,0.08744902923895416,2.0707891989223617,1.9870507001108035,0.18093277375673514,0.5545119469995713,0.5988996160413822,0.0883383119498592,-330570.1140625,-348907.109375,43869.90107789205,100.0
PF-1000,15,3,1000,0,241.6,239.0,96.42250774585776,63.23950905799866,57.36373257637024,15.119254221591468,1.8049669768521484,2.09399649349215,0.7064981719549148,0.8886383061095307,0.9023329954948821,0.04087492543986707,2.1693535525139875,2.192242478808655,0.20786628536164928,0.6985082364344164,0.733099855300749,0.1045834152098865,180675.765625,-70.91796875,449908.466896295,100.0
PF-5000,15,5,2000,1,262.2,205.0,93.2829030423046,470.8847001075745,385.56815457344055,174.7865195090133,6.095904069611335,5.502043167647547,1.9748740570946839,0.8174517412998104,0.8373600814093143,0.06620597977453425,3.231733055971774,3.015066924953974,0.8716528359158576,0.4547218283080984,0.45218907189418456,0.20947320833192534,17134659.4,7313753.875,21679100.40659536,100.0
BIF,5,3,2000,0,169.0,179.0,71.38977517824243,635.0561614513397,647.3136925697327,279.0060919671315,3.2852712979680874,2.221494530215139,3.194095524946409,0.7979049875993444,0.801809359859607,0.025548720803472553,1.5843967901403395,1.5830769015345287,0.033341348926667166,0.8432811248784212,0.845548028314497,0.017905643822446728,82.43007363886241,-120.49905056358648,468.3311431886552,100.0
PF-5000,5,3,500,0,234.4,241.0,109.47282767883544,129.70212869644166,134.67550039291382,40.2042317678364,1.1113308268050215,0.8303145176555297,0.7516886812729721,0.9158450701041458,0.9428151768203672,0.06711626866033461,1.9114244468819965,1.5895132525389075,0.6758252469966264,0.7075689385447922,0.7200176920145781,0.10047586020058866,-10464.953857421875,-4788.337890625,14668.4912990816,100.0
PF-5000,15,2,2000,0,267.0,250.0,91.8313671900838,428.64770045280454,384.3083550930023,128.55031884358505,1.1822313480997315,1.044268129143794,0.6248549483854028,0.9801883038216698,0.9814606361239464,0.009318443895944307,2.0005759656964286,2.07809746415541,0.40740781471681264,0.8090622995329483,0.8149434047018994,0.05084700556246989,-73458.38046875,-22061.55859375,178243.48930622084,100.0
PF-5000,10,5,1000,0,186.8,214.0,47.50999894758997,304.4775369167328,276.37455201148987,75.55855941536578,1.609968187394492,1.6183528555290145,0.42619959624967957,0.7376822202117873,0.7526703586099996,0.04369277623999576,2.0233293959501566,1.9772541027811958,0.1155479158589266,0.6374481714466482,0.6398142311724044,0.04915595117138605,-52475.62734375,-59456.5625,62951.990500727414,100.0
BIF,5,3,500,0,160.8,187.0,94.89309774688569,175.23467826843262,198.2428274154663,90.84458706613992,2.2047062934409345,2.005015298460571,0.7571340585747484,0.7590484474221065,0.7189489045172591,0.07539485382067165,1.5920175611417569,1.6261953245641454,0.10868999804152718,0.8175979638062352,0.8242980959165079,0.04847071773736956,-24.192870755266437,-54.89541182390053,89.56326947497473,100.0
PF-1000,15,2,500,0,260.4,230.0,80.24524908055305,35.59656500816345,33.65971922874451,8.601350347160238,2.7728125059992434,3.2472638569586847,1.2821240980803328,0.9054644161787172,0.978262267954076,0.15075341721429963,2.260146110334621,2.3912765496404016,0.20615845587571788,0.7499931037425809,0.7841142443097882,0.11451967020247697,6837.06123046875,6194.17578125,166260.68926802115,100.0
PF-5000,5,2,1000,1,236.0,195.0,132.25921517988832,122.35613870620728,78.51124858856201,82.12381065067218,5.538836441759541,4.900579396760285,4.43055317567509,0.9800465888667358,0.9818727915526826,0.009549416395296646,1.9255189117011942,1.6373864850339221,0.8879029206237015,0.7766458472978487,0.835430557330253,0.18456765517113435,18175023.916992188,287882.3916015625,26329050.520849176,100.0
PF-5000,5,2,500,1,244.0,262.0,44.04543109109048,51.03985047340393,41.68425726890564,20.62463712044531,18.666794399721198,4.3533829336975405,30.49192312197274,0.9690672872022817,0.9799691624103722,0.03041349936211253,2.3333043684266928,1.7727283811035948,1.0538292561863567,0.7030436591761704,0.6402673805789707,0.10998207549975025,246321309.61796874,964365.9521484375,536476366.1059767,100.0
BIF,15,5,2000,1,497.4,512.0,40.75904807524337,2689.827355527878,2774.876667022705,227.2575755811462,1.2869602746839117,1.181437976755364,0.2781945420821591,0.8049968720614491,0.8102099889776528,0.012167160929850934,1.473020181680683,1.4712564391806073,0.020759260608333188,0.8449254068484737,0.8481839751407323,0.02014157573328193,-187.79991602537217,-178.081745767553,39.35414220762313,100.0
PF-5000,5,2,2000,1,389.0,454.0,216.82366107046528,360.3387571811676,389.4718656539917,204.69127452758332,8.827589489674788,4.984446742858796,7.219413027590082,0.9002454064778178,0.9882480696394131,0.18530527084744192,3.080658312557671,1.8394795936903887,2.7829708349346567,0.683308518889193,0.8183392480130505,0.3510153832593757,6075414.0046875,3560606.96875,8365554.789144577,100.0
PF-1000,50,5,500,0,374.4,388.0,99.3493834907897,89.89873695373535,90.0678300857544,15.011472330670996,3.7927282702987895,3.8479006543810796,0.5476688166200652,0.6754010821753896,0.6824028386707619,0.03502049263057404,2.8801737213109004,2.7808372870144513,0.16734649669055637,0.5486575476648974,0.5857405261241201,0.07192418841810844,-1945790.525,-1966435.0625,143745.62350726838,100.0
PF-5000,15,5,500,1,371.6,335.0,159.75856784535844,190.73986873626708,171.29263019561768,57.05662270976575,4.487089876412388,3.4295554628899607,2.848244609001391,0.7791411607706618,0.7657441148080554,0.07470588634084964,2.5912360826034795,2.399949864738536,1.0150252601033176,0.3347642033583941,0.2966282158320077,0.19001560018820443,-1264718.09296875,-1585358.53125,579293.3513259972,100.0
BIF,5,2,2000,0,93.4,96.0,25.422431040323424,291.89338459968565,301.6091501712799,75.648889885435,4.892420924820067,4.680610587109938,1.5252465142488214,0.761215780277869,0.7751952534020811,0.04963883304122269,1.6369382394146121,1.6374567907449196,0.018841828767803933,0.8738633676743603,0.8736194302852385,0.01154180085748946,9.357625498735093,3.19562730402788,63.30918687970514,100.0
BIF,10,2,1000,0,225.2,274.0,113.14017853972125,410.6425091743469,495.1588728427887,208.59100404579024,3.628384670032152,3.4700985140851905,1.9401843982237141,0.7780176763607827,0.792213461349446,0.06421185810933897,1.796698160487031,1.5474733629491948,0.63804587536031,0.8668409704284631,0.8900945729513329,0.05984164782224577,1344.844525793897,-54.641513258533905,3140.5551708439652,100.0
PF-10000,10,3,2000,0,495.8,374.0,250.70341042754086,1702.852959060669,1583.9024596214294,644.7179645209078,1.1295453454522277,0.9871155688572751,0.5501901250445824,0.9452988784622007,0.9458404836346412,0.006670349962337307,1.841641192324909,1.810398688303085,0.15115621142085214,0.7989530939975213,0.7994747986621542,0.009703169494998432,-74241.144921875,-20218.265625,124525.99575469455,100.0
PF-1000,5,3,1000,0,246.8,239.0,75.84985168080422,63.97889447212219,61.37069511413574,7.536295682107943,1.2290974827049332,1.3333695233618796,0.5436075726618718,0.9133577422114701,0.9286170600163363,0.04945728094293092,1.7233507153319771,1.7483914683302235,0.16493347664200242,0.7351387578428792,0.7652458696109953,0.06619036790992269,42272.87705078125,20657.08203125,61315.984690435485,100.0
BIF,10,2,500,0,259.8,255.0,31.523007470734765,244.17805261611937,241.53848958015442,30.035269554534885,3.3575860172400076,2.2559845589784624,2.744554478438364,0.8333477667392868,0.8199894429495462,0.05238649832427639,1.5833974193589555,1.6056932356495248,0.13381938638209465,0.8716925761703292,0.8644654138564861,0.03436564405768356,-56.336869486460635,-48.67107276334423,31.75609859291872,100.0
PF-5000,10,5,2000,0,235.0,203.0,140.29789734703795,605.2481364250183,550.3414168357849,244.41517129581717,1.6109910798822038,1.5840411425004146,0.16409560707290768,0.7969850833113352,0.8012939343974566,0.029947396529422254,2.0245726298266424,1.912473006562033,0.1691747909916121,0.6708683605088022,0.6980004656235546,0.07106390491934624,93045.225,80465.671875,114675.27005195728,100.0
PF-10000,15,5,2000,0,213.4,194.0,56.123079031713864,1212.50237493515,1245.9611718654633,470.2736028473498,1.9061529858764896,1.8714236474900325,0.12811019296014176,0.7978340196637503,0.7953276716652858,0.020236140688624314,2.1118269538535306,2.103353570687029,0.04864718265904298,0.6998718279159138,0.6977147627494846,0.015271573781551348,442119.3125,443734.859375,126509.97319190869,100.0
PF-5000,15,2,500,0,268.8,233.0,134.7913201953301,170.9122295856476,144.892742395401,74.28029031664704,1.1317632269644904,1.1525051506554602,0.33998158864296757,0.9856097956621996,0.9911197673400421,0.013198939095804944,2.3128753986241066,2.3103978674618366,0.6469669003946508,0.733720657767391,0.7160821144653589,0.09350556763847624,3035.37373046875,3525.27880859375,1873.1203082573727,100.0
BIF,5,3,1000,0,201.4,222.0,94.7169467413303,378.596132850647,420.0686264038086,176.04843896311624,1.928492617848995,1.9752694406154803,0.15747513999915433,0.7499117895269056,0.7681417550252855,0.03802658586449502,1.6201531806456806,1.6187956643540857,0.038224353754683346,0.8319358437406933,0.8387431105053537,0.01442536534337035,171.8645823763148,-69.24328461566597,537.9952613285321,100.0
BIF,5,2,500,1,71.2,60.0,39.124161332864375,79.49280333518982,67.5779595375061,33.934196497815385,3.9023502065401217,3.9766322446708404,1.8663401006062037,0.7644088708302258,0.7641602030909087,0.033113971808832965,1.706946403333952,1.7148380520848354,0.06466170776499774,0.8526193383302466,0.8627976305126748,0.03495065757534636,53.700579161118526,63.73224937927466,53.42957559045762,100.0
PF-1000,10,5,2000,0,209.4,194.0,90.62449999862068,138.69668741226195,123.6149914264679,63.17713857090611,1.5561296216528449,1.5711152999091123,0.23183573655646844,0.749242565000031,0.7624740419787864,0.022153557912449544,1.9605061079730863,1.9707736406676308,0.07702342714374306,0.6390656526020736,0.6462583222409682,0.03603784891963371,-198962.4375,-233089.03125,94405.64019676698,100.0
PF-10000,10,2,500,0,291.8,252.0,145.25907889009898,271.1232182025909,218.79616904258728,143.4622780849306,1.4965956107288572,1.1984977957704737,0.9586419783737296,0.9891030432672592,0.9860104005493062,0.005839850453000724,2.0104549726106815,1.8455248439698289,0.556816133307982,0.7718585974641419,0.7501104732568284,0.06567203046607002,-21002.14794921875,763.4326171875,72701.63128891485,100.0
PF-5000,15,2,1000,0,315.6,263.0,116.71460919696386,290.3223253726959,265.68968772888184,76.6206970314156,1.7129503598884566,1.3029903998108023,1.1928923184604672,0.9699671883520438,0.9838857156850982,0.024574359030329833,1.75318613889268,1.6649332400519785,0.17313844278635357,0.8362914312971274,0.8438823512145589,0.015079042077998133,-250907.5630859375,-48227.7041015625,422829.4981223647,100.0
PF-1000,15,3,500,0,320.4,307.0,142.31760256552946,50.95502729415894,50.828070640563965,9.381285348288813,2.50000465354538,1.2133633336533471,2.501883712499569,0.858170786517011,0.9026288864663193,0.09341555026490823,2.368540652538728,2.0585644136208763,0.6596563229048572,0.6459683186604317,0.6336841017961529,0.10003947272527348,19160.85,-28091.904296875,175456.56364437175,100.0
PF-1000,5,2,2000,0,537.25,516.0,92.62963888518621,124.62393474578857,109.71458733081818,48.92377711442484,5.793204597797324,5.116143785082393,5.099216467571673,0.988873211021781,0.9913210594860766,0.007234025243471299,2.640749124360509,2.319284038848924,0.9770337203861615,0.6772531317678367,0.737142122017134,0.21632928940035206,2337206.5993652344,800019.5244140625,3672921.8709145314,100.0
PF-10000,5,3,2000,0,201.6,182.0,63.208385519644466,697.4123635292053,595.1055560112,312.34815163357246,0.9925277926332059,1.0895017137487355,0.37131001575561134,0.950036927788277,0.9514059800526021,0.008200353043214885,1.7177079140965639,1.707879093960946,0.09435555895480463,0.8091428222653827,0.8126173243155405,0.010079056287083762,25808.7359375,10764.068359375,40501.77045703933,100.0
PF-5000,5,2,500,0,262.8,268.0,107.43230426645424,67.44345526695251,64.69692778587341,12.434926487947466,2.154586269272676,1.530408868312253,1.4677362714270448,0.8371373393228506,0.9751976350233162,0.2450241254865943,2.0897500201738466,1.7070901188035172,1.1817765844078711,0.5491537173426846,0.6276691774618437,0.222686045617652,101335.8216796875,47774.4697265625,119553.76584714872,100.0
PF-5000,15,5,1000,1,277.2,289.0,49.41861997263784,245.90313811302184,226.88948464393616,97.58773977294649,10.191584271311095,8.406121458930922,5.113483767189094,0.7061179480347928,0.6677508287001619,0.14989848337959877,3.356313652044372,2.5788616042167845,1.6892045085427023,0.455525101241861,0.5545412935560201,0.26606785089984003,26780910.3,8116899.5,48447225.765385166,100.0
PF-1000,5,3,500,0,206.4,230.0,50.88025157170511,37.49086585044861,39.487993001937866,6.094514147899665,1.0195472441369877,0.7468371836187068,0.5909079460644074,0.905887735982521,0.9162602010790698,0.03344644397970218,1.822924033166363,1.7260086658492229,0.37194936440095083,0.6267735154185232,0.7054245685074122,0.1453928575829668,12920.090380859376,-2729.7861328125,33756.46518499985,100.0
PF-5000,15,3,2000,0,305.8,289.0,68.01249885131408,553.52502450943,581.2579100131989,130.41821915176564,1.8672703970520612,2.0446792960543907,0.7644274231048032,0.9326490140205521,0.9399303359093837,0.02242605409815254,2.18774863636357,2.1103965383654635,0.1974040000013262,0.7773953160355653,0.7876582070960061,0.020849348977396178,75787.303125,49397.6171875,176232.6180649962,100.0
PF-1000,10,3,500,1,331.2,275.0,191.70472085997255,36.85551128387451,31.13584876060486,21.236676897456483,2.9900105858723824,1.811419728963277,3.1494988588465906,0.6887418605999236,0.8060575422942237,0.25759488128899055,2.278099921394972,1.6988127335400078,1.1849183472130558,0.5345280031554838,0.5495657107540258,0.13865891033645708,3959390.24765625,-272953.96484375,9483985.110596156,100.0
BIF,10,3,2000,1,187.0,251.0,132.077628688586,693.0149233818054,950.2544906139374,499.8820515495215,2.179880258336523,2.2435525304121375,0.49162722406200066,0.7678999450323772,0.7481073761637352,0.0519337491566126,1.5956440995536125,1.5480059347208448,0.1199768025667522,0.8607108737859704,0.8729499187753219,0.022424786153799874,2249.456664586566,-112.44176229429286,4279.822169685879,100.0
BIF,10,3,1000,1,234.0,301.0,135.91173606425605,444.1364212036133,567.298425912857,253.04725998328652,2.056908348743435,1.7877603732441718,0.4789444418034095,0.7431241650163323,0.7608085751826535,0.02970553234006087,1.5922898588324272,1.5788200332986364,0.029722755509027518,0.8441053985289653,0.8488450580148048,0.026434249820092005,191.45412741627837,-46.593119423745065,488.2037966259039,100.0
BIF,5,2,1000,1,87.6,73.0,34.74622281630048,159.2635844230652,124.96795606613159,67.78105680353576,2.727520571462389,2.2661441502755686,0.8993323278571871,0.7610994984188942,0.7523350802527671,0.020320848661655493,1.6857231289493129,1.6506888841137832,0.07278257252521945,0.8627904228707758,0.859053341405484,0.015177470088941476,10.036803594008251,6.655510913048147,63.365784487249854,100.0
PF-1000,15,3,2000,0,207.6,156.0,78.3217721964972,99.53014106750489,94.90303564071655,44.78338496386813,1.8554603897063888,1.7049347140400972,0.9703693482849831,0.90721892467815,0.9049687991416405,0.020675607205749423,2.0189973747062835,2.0385524291006036,0.18415591507007256,0.7561043133652864,0.7529871400116616,0.015726069024897163,797088.2953125,27546.859375,1635611.3037646657,100.0
PF-1000,10,3,2000,1,231.4,254.0,70.69865628143154,77.36044683456421,78.82710099220276,19.87950659957431,8.320019341488033,6.24531473817578,5.367582422343954,0.8444306342776915,0.8436894092749236,0.05633039654667548,1.9538620458021754,1.9954475488864336,0.4069640949257529,0.6577555669427338,0.7740075284145819,0.23284712417471642,6428485.41875,1380593.0,12059278.683164423,100.0
PF-10000,10,2,2000,0,364.8,385.0,42.72821082142336,1235.2155356407166,1165.6668395996094,231.12631452578253,1.645753470381172,1.4200241742475384,0.5793288478136867,0.98407079574378,0.9892423777273318,0.011147352488722378,2.2539576009196574,2.066515392160788,0.6298530786647485,0.8170613713607487,0.821858356855313,0.019486215457404907,-426855.823828125,1282.29296875,1013787.5311841482,100.0
PF-10000,5,2,2000,0,250.0,235.0,106.10136662644831,744.1750874042511,745.5299444198608,339.55030524651465,0.8488663016452309,0.7880951088199762,0.22045930382224874,0.9862884644855046,0.9864169075682758,0.003506147060320416,1.8182610867687896,1.8653814786752132,0.11357390540107958,0.8143856065849399,0.8198085655171207,0.020284268306796454,14008.12265625,3440.5595703125,22831.06925714159,100.0
PF-1000,15,5,1000,0,231.4,197.0,98.20285128243476,60.12497754096985,49.41646456718445,26.189744658155707,10.188724608817603,9.443227938861483,5.158044192933802,0.7987627321897424,0.8083366956313682,0.13124268945337064,3.022658058109161,2.62541683534285,0.949230397303939,0.570603665693358,0.5552882617604732,0.1558730425162154,26603600.425,-4089884.0,57866710.38676002,100.0
PF-5000,50,5,500,0,246.8,176.0,143.96249511591552,247.01445012092591,247.12329697608948,119.76873962382003,2.9691432080654034,3.537641444705875,0.9956760603149751,0.702109467697102,0.698433839987778,0.08992056469846105,2.7931957905245923,2.7529783782480064,0.15490683542678785,0.6216802664320893,0.6342666352628784,0.09427101960841483,-849407.7328125,-763222.5625,202556.33855560815,100.0
BIF,15,2,1000,0,368.0,372.0,35.59494346111537,681.5745212078094,693.6136889457703,64.27132630905456,2.7930611126502742,2.760206236576349,0.4158812481775051,0.7965900101717514,0.7996610250547913,0.02235134842946796,1.569789028475459,1.5404982647348033,0.0713170189530841,0.8861003488675326,0.8885096744360834,0.009042859291463031,-50.34131646154528,-53.46643692294401,12.452959564163885,100.0
PF-5000,5,3,1000,0,186.0,129.0,112.81622223776154,217.15053215026856,126.58122396469116,166.7360238855473,0.8524052865406855,0.7554705480880535,0.3774009080118917,0.947643200967795,0.9495319292535874,0.018112617256447337,1.9041376736550357,1.7757889201838335,0.29877043369317957,0.7640289526014616,0.7858044790437883,0.05673305425169929,20522.4525390625,10261.9921875,25120.531981591514,100.0
PF-1000,10,2,2000,0,238.4,254.0,70.30860544769752,87.7683626651764,87.37757921218872,41.5972020349955,2.342361331361016,1.936051830307375,1.5308559873116574,0.9585180382366719,0.9688214062378878,0.04444496124728378,2.0635472811497517,1.9334861391814933,0.46689976521183857,0.7620581181408499,0.8172101506657377,0.13324598355304565,-107535.8359375,-7533.49609375,384402.2232684657,100.0
PF-10000,5,3,500,0,272.8,204.0,109.27122219505006,360.022363615036,309.9178066253662,206.7462964835505,1.2013336407689659,1.2249836570945831,0.720085585805555,0.9435276598081703,0.9503956339955512,0.028917471895554436,1.8151196126988254,1.780350421853911,0.2020497996040943,0.7783720660266222,0.7884176217738306,0.029309761694419748,7256.06142578125,1180.5400390625,13221.442707445083,100.0
PF-1000,10,2,1000,0,264.4,283.0,67.06936707618463,56.57525448799133,62.37980890274048,14.077486474075938,1.1793402118096874,0.732633993747954,1.3706196104907438,0.9887173240450146,0.9889332006084689,0.003802559434194162,2.041920842253357,1.7870694678676666,0.5365195196546396,0.8170528958036524,0.8288208011921746,0.02903670901145461,-200263.00087890626,-8226.6376953125,414026.42194780963,100.0
BIF,15,5,2000,0,666.2,615.0,118.71267834565944,3663.2987283229827,3281.437475681305,668.3558246024635,1.2605257890469934,1.2805410523206426,0.28452510258962466,0.8180496210850257,0.8192451451708129,0.03138547694756022,1.3903462867929506,1.395086038459611,0.03760568646073201,0.8311102999131652,0.8413326186274503,0.024316804271246103,-300.50949360374057,-300.74482744293505,64.23353426930336,100.0
BIF,50,5,1000,0,829.4,724.0,225.85681304755897,4828.0084914207455,4271.8963351249695,1295.5275869271939,1.1308498778122338,1.0130128082730283,0.24958615225407377,0.8321843469116551,0.8383955090856429,0.027276729891471254,1.379976156532083,1.3812908491301352,0.04186205310402269,0.8083132836577954,0.8020131840304681,0.03223981669855416,-379.3434967177171,-399.0176171623134,59.301001282780746,100.0
PF-5000,15,5,500,0,307.0,243.0,127.79084474249319,156.97180061340333,125.30332779884338,104.40053967302993,7.971534144278418,7.350427659301675,4.820292751728158,0.7318903791844447,0.6870890217549939,0.14262395639300626,2.4350462150682204,2.4376548900239117,0.3333280554369063,0.2925265400139139,0.245699502813674,0.17251822173860398,5962537.464257812,570523.375,12444004.077985175,100.0
PF-10000,15,2,500,0,239.0,182.0,160.68914089010497,251.67503628730773,262.6832022666931,110.32505007547311,1.4704259573909504,1.4915237085689126,0.7310455486369134,0.9823756440509319,0.9857056965807836,0.010226838662691624,1.8918775336932445,2.059222191630055,0.2700972957820182,0.7604037608488088,0.7375883982126763,0.05840284249244353,799179.5802246094,2548.2646484375,1779662.3287951243,100.0
BIF,15,5,1000,0,673.4,657.0,92.24044665980321,1872.5629245758057,1845.1893525123596,266.60584985322095,1.2225141231643355,1.2292046766274525,0.24960483029281225,0.8410039564396341,0.8387094308513457,0.026080447741781105,1.4118559641103736,1.386284621994611,0.07103634673350877,0.8103458125275758,0.8106233839461346,0.04897194960998417,-190.65276825070737,-187.73846669254044,14.633195722674683,100.0
PF-10000,15,3,2000,0,361.0,329.0,144.42472087561742,1275.9752262592315,1272.8812832832336,592.5484658025746,1.4627207538323106,1.3866732609041896,0.6422988720098892,0.9521940344494085,0.9454502399184967,0.013428752612355693,1.9853999942766314,1.8584369671348349,0.3167937361771208,0.7959088908501654,0.7959340274463598,0.015921996223201815,89391.5234375,90142.6953125,104216.68261381122,100.0
BIF,10,5,500,0,412.8,500.0,210.82860337250256,609.86967253685,732.0172946453094,305.16746711003066,1.6211356195928197,1.4982498100268615,0.4193540620890763,0.8171546054878209,0.8452199436549718,0.07272323967078834,1.4582139775609573,1.4423940491030227,0.06334145818093162,0.8076900100983935,0.8081687810279614,0.057712694331485986,397.7454029354493,-123.76908321744929,1166.580093776999,100.0
BIF,10,5,2000,0,450.8,380.0,169.39805193685078,2480.406846523285,2096.158113718033,903.055255016221,1.4060797521283794,1.4972934102210347,0.21838767129344797,0.8235859382021831,0.8303722811768577,0.014798563127429117,1.4277608654949754,1.4269116863756257,0.014253758190936121,0.8294859766396911,0.8355686559674511,0.015805685925890583,-251.04569046225188,-253.8633997112256,25.778367653041563,100.0
BIF,10,3,1000,0,358.2,348.0,32.399074060843155,685.7373171329498,650.5537109375,83.1707646360688,2.1849510938789365,2.153970982200139,0.6499133082319449,0.8297107247408058,0.8137026191338196,0.04972850794381748,1.4996471672142277,1.4978608909271627,0.062236783411095536,0.8595192067331354,0.8617799634843738,0.029720830952920375,-93.86251701725136,-79.61486822657275,29.345811007572216,100.0
PF-1000,15,5,1000,1,317.4,268.0,131.88934756074883,66.04708495140076,45.70115280151367,30.744016176658356,5.600288443244499,5.6089160302538925,2.106528520416926,0.758208827916163,0.7952566258580271,0.09440779291682251,2.47707921317237,2.2825501972252904,0.5049639593785828,0.39994979109385254,0.44502992030726995,0.2672265393734831,-5076328.046875,-7071568.25,6137874.895349563,100.0
PF-5000,5,3,2000,0,291.6,318.0,84.10291314811872,532.2002065658569,482.3030273914337,257.4237662649362,1.5381024722698968,1.3543696884647913,0.6689268070023725,0.9375492104980603,0.9442162526066474,0.013417427416945604,2.0154031054387507,1.8169343109359015,0.33744231568538036,0.7975897233801512,0.8085384614074237,0.029233068103549156,76140.9576171875,-1977.5400390625,135123.20198552142,100.0
PF-5000,10,2,500,0,376.0,251.0,317.51771604116834,189.4443172931671,149.78351402282715,108.15896141556983,1.2272464935910015,1.0772714504571592,1.0030140013613706,0.9898689969578689,0.9927190943754364,0.009279856080017681,1.6846913356121895,1.798861996763983,0.26345300248029735,0.8391947813220938,0.8367433957504053,0.03836149100533464,-92568.77680664063,-2137.5771484375,203634.57731880248,100.0
PF-10000,15,2,1000,0,438.2,431.0,217.68486396623905,1017.5492013931274,825.53369307518,578.5975423578751,1.2900046421827625,1.2719826724424523,0.786347878333566,0.9932937632215781,0.9943543758191344,0.003765271587401753,1.7455969436062913,1.7021467508588985,0.26240215154539753,0.8221979784864445,0.8236411636841615,0.04364957722412568,-6117.016796875,-1929.4296875,9068.013572132191,100.0
PF-1000,50,5,1000,0,278.0,285.0,43.04648650006177,104.05971264839172,107.81864643096924,21.671796702201352,3.0678080720688694,3.4240073332685697,0.6930353802117046,0.6226793487838973,0.6103461734172084,0.04468495383993904,2.566891746528195,2.6079834550554466,0.1338553116508309,0.5634326091605459,0.5754992272075731,0.020727905047181305,-1629392.11875,-1994535.125,618816.5547790669,100.0
PF-5000,10,3,1000,0,324.6,272.0,151.235908434472,236.95566067695617,193.01507353782654,105.49797846240848,7.373624544605221,8.171555414200506,4.763560260464157,0.8730807491089244,0.8964119269534118,0.05440051493453702,4.324412768988864,2.6035641760908237,4.345139516684347,0.47663955404209907,0.37336174945472306,0.24565066632017638,1177509.698046875,1486596.078125,1034148.7613690884,100.0
PF-10000,10,5,2000,0,232.6,177.0,114.1809966675716,1336.5190088272095,1118.510836839676,643.3668143246607,1.096275747274178,0.9805169077662663,0.30743087177568296,0.8307090754049746,0.8354839904620365,0.012652313480912744,1.9731700958501261,1.9511678712057676,0.12235963105639763,0.6473873442841173,0.6591495251134232,0.07401431341676869,70808.5609375,41171.9765625,87137.15419041149,100.0
PF-1000,5,2,500,1,260.4,330.0,119.18808665298727,26.170962429046632,25.01781725883484,5.40374911998003,1.9789144276811341,1.091387877605572,2.0251662880346233,0.9744445856178385,0.9760647368847104,0.01627474818114613,1.9267389728698028,1.5059457146060242,0.8052521539273418,0.7582660423637939,0.7516346119837084,0.08629881340412729,1246122.8639160157,166669.33251953125,2455349.5360868643,100.0
PF-1000,15,5,500,0,251.4,252.0,13.77679207943562,40.21192407608032,42.09916305541992,3.28799048967938,8.95333235984809,9.330591818321608,4.082001507867373,0.6917441630448534,0.6885105585888777,0.1263430620684676,2.6306872445508076,2.5781814728270844,0.49231127858781565,0.39259042097597463,0.3070722074063317,0.14766756060652117,-7442497.753125,-7699249.5,3529034.1796720414,100.0
BIF,5,2,500,0,125.8,147.0,40.92920717531675,121.79274907112122,135.68360090255737,34.630424400121285,5.03770560049987,3.6338391381501127,4.612957425726162,0.7741423505566523,0.7896276125527566,0.05867700169334618,1.7023362759233673,1.683629362334545,0.06580850358566574,0.8580741297180289,0.8702212298758707,0.02483832580965751,8.049594730272807,-17.913864088176467,53.7934986359055,100.0
BIF,15,2,2000,0,388.0,385.0,55.43013620766234,1412.4992242336273,1403.0808737277985,189.88634251209004,4.1482741452059715,3.575690713899567,1.6162154754626394,0.8295775049986587,0.8249481070477611,0.028878768912744567,1.5343834198533408,1.5087743684570414,0.05695832051009238,0.8911194091039885,0.8923259459359876,0.012562128187244363,-98.13893193380827,-98.65555490209954,31.4660345510333,100.0
PF-10000,50,5,1000,0,208.8,211.0,69.84053264401697,819.4244488239289,831.6936194896698,262.80757945438154,3.0971178411938967,2.58588910376304,1.653035561590639,0.7403323760351561,0.7562396194722414,0.0718187602807385,2.7351227946468386,2.742539220338589,0.17540053121049728,0.5970342240540659,0.6348490495691914,0.07096848172357605,393889.365625,154288.59375,493455.7055114182,100.0
PF-10000,15,5,1000,0,374.4,325.0,151.79031589663418,1104.5522960662843,1085.216894865036,556.6586893763006,2.0378670333594884,2.455705160830767,0.6800262065838218,0.7803448104695976,0.7826852879836654,0.04812439070067099,2.286207496598254,2.3104026858891067,0.19668194960087534,0.6146460186074266,0.5887784896667989,0.057721347254880935,192368.240625,144048.140625,216224.38311665852,100.0
PF-1000,5,2,2000,1,245.4,258.0,104.52894336020047,48.77568292617798,46.39739799499512,9.189875158181675,8.96308236681872,5.777309228059188,6.579586093299448,0.9861865070754895,0.9868867284942817,0.004832339882186687,2.7800533298487147,2.317515490155171,1.4226305632941483,0.6077682139321057,0.8174135144352259,0.34286398177467464,42704238.982421875,9925760.5234375,73611521.32085504,100.0
PF-10000,5,3,1000,0,251.2,251.0,89.0965768141515,512.680844593048,531.0458519458771,176.99356674066928,0.8240708961284835,0.5945402330456663,0.4672085865627027,0.9521339548966641,0.9527185688451669,0.016214697966982505,2.0216375034948646,1.991121135367394,0.2559177008949653,0.784919781418407,0.7740084266331032,0.03730936073548418,5021.11396484375,-778.37744140625,12861.074317892193,100.0
BIF,10,3,2000,0,327.2,374.0,161.9851845077197,1198.2400606155395,1400.2450149059296,603.5152457098906,2.0816067484785603,2.156562625636998,0.3749801572989525,0.7707255234325486,0.7806441273318039,0.04541545282058421,1.5729382421100462,1.4919026396799835,0.2086422281658051,0.8449415728209091,0.8517868150186286,0.026269059546424972,2526.6371013893054,-118.11041578847744,5936.73071187072,100.0
PF-5000,15,3,1000,0,276.2,265.0,76.19514420223902,280.2452800273895,234.92503333091736,123.1205433541287,2.2619476520113966,2.4266786994183067,0.5264347505400605,0.9341871332302881,0.9414680218215361,0.024627732579699843,2.1353386590639216,2.1122588872254346,0.13228234276123416,0.8097155820436619,0.8071142733169112,0.015588682018361132,154977.1984375,119684.62890625,165998.26684513013,100.0
PF-1000,10,5,500,0,168.6,177.0,57.82992305026871,42.95990676879883,36.37233328819275,11.754584506017107,1.5617691873168877,1.5471035965260456,0.5364221603772953,0.7505268373280284,0.7645597016452499,0.03221143501803233,1.9767478823893865,1.9971338436842618,0.163369520623851,0.6403214129155447,0.6008342608033155,0.09509032908477476,-305023.19609375,-378175.62890625,127494.10638382885,100.0
PF-10000,10,3,1000,0,279.4,292.0,102.45389206857882,509.8957112789154,610.1877837181091,229.74993393191295,1.867222324947856,2.366745629116522,1.0009614659595156,0.876918733740415,0.8856405117359745,0.05550545608108543,1.9591135937975608,1.8990425529447068,0.3401197135120221,0.7182147703807117,0.748867294377329,0.12076602477973984,177484.3546875,28988.23828125,359731.1382555508,100.0
PF-1000,10,3,1000,0,243.6,256.0,59.10414537069291,43.68677940368652,33.3220796585083,16.673193012027685,3.2449903383106773,3.011166296706566,2.331156511476076,0.7798345991789709,0.8246165772589443,0.09538170006947586,2.401666464567975,2.373454374343038,0.41762934919273736,0.5605987222465743,0.5642109224004841,0.14609710637443096,1629589.465625,-216853.71875,4063346.458309605,100.0
BIF,10,5,1000,0,572.2,560.0,56.81285065898383,1584.1506505966186,1519.4486067295074,150.33033824157485,1.3650218580452562,1.355152283206578,0.3455061212193116,0.8193819111404815,0.8085568030700697,0.02999720946763699,1.4255300282751862,1.4430211529247552,0.07847266326174855,0.8257029062207047,0.8285046879427093,0.013553452467230512,-180.17055592761182,-185.0657867532102,36.72331024517478,100.0
PF-1000,5,3,2000,0,248.2,261.0,90.96537802922604,113.47162551879883,112.1251175403595,33.544245628606376,1.3524861131388568,1.3219683666827302,0.7249633690978867,0.906585658578883,0.9202956451310484,0.03954767466666254,3.0362420660008227,1.8174357604857618,2.537131730935205,0.6838797522579327,0.7900610327515469,0.21096710174821182,33883.25234375,27075.71875,53911.91932893968,100.0
PF-10000,10,2,1000,0,316.8,292.0,113.13133960136776,574.6843576431274,669.1490046977997,156.71702439856656,1.0920056665213491,0.9766233674177951,0.7527081936389551,0.9890158801959231,0.9858222881362408,0.005616461610308681,1.597341726657381,1.5762544242990673,0.13229639581073918,0.8149624325323972,0.8038343368220302,0.04749605401380603,-231028.99326171874,-6878.4150390625,354025.0658815145,100.0
PF-5000,15,5,1000,0,197.0,179.0,48.518037882832814,162.34232120513917,131.23772954940796,67.48078363860729,7.345839541059928,7.440610784716705,0.570296584548467,0.7153344808081886,0.7089283995655768,0.030158486301337224,2.2936144626013593,2.2045918265986595,0.534401806800496,0.6064427956438616,0.6387590945695342,0.12395085669539417,6636244.35,6728009.0,2482888.7804107703,100.0
BIF,50,5,500,0,919.6,783.0,437.1284708183625,2713.5663561820984,2336.35533952713,1297.7096599836366,1.0128940191308575,0.9995696469172352,0.14852412213865765,0.8647304458292042,0.8601877475493142,0.03255232833391531,1.3825411914843135,1.4031770678310667,0.04201123189608488,0.7954200720543806,0.7815920824749079,0.04699844326465265,-306.2970879179047,-315.51497941037815,68.17690441174908,100.0
PF-10000,50,5,500,0,270.4,191.0,146.8087190871169,435.03651056289675,389.974467754364,161.24006902088803,3.324936943929289,2.9336622467184417,1.0333417198854782,0.7110106402496976,0.7308614383584062,0.033586571621251775,2.8410287840481034,2.876253843214896,0.0806901501904595,0.5146878891007445,0.4763612023548708,0.10002805311143495,278859.190625,70365.125,353397.6774857378,100.0
PF-10000,15,2,2000,0,385.2,359.0,147.35399553456296,1350.3476714134217,1401.8778076171875,602.9597908817839,1.4129368859970974,1.7946925591545064,0.5984932740798968,0.9816039279356774,0.9849257997631529,0.006525007455377921,2.245735098829246,2.4611541943893287,0.3442014844302711,0.7736959531813763,0.8136342616375601,0.10204910645433148,-191683.966015625,-17630.560546875,367244.91368649766,100.0
PF-5000,50,5,1000,0,264.8,207.0,169.18096819678033,557.2302804470062,421.8831477165222,341.0287627477529,2.6359761322362454,2.5015888017808825,0.28789690953350694,0.6842859287233308,0.6908260147512374,0.07243329299753026,2.6417330638266026,2.6483122441100897,0.08935180782482392,0.6128211797453789,0.6225895654925211,0.07981980445295433,-633194.89375,-694315.25,326806.7598532773,100.0
BIF,15,3,2000,0,428.8,457.0,216.59916897347506,1757.87842168808,1950.9906327724457,897.8678023318594,2.4398617165718512,2.3098994936228263,0.307716044421409,0.7936871464281233,0.800595201982638,0.031357331657245614,1.6719188914786571,1.4959810720704387,0.43097272531637265,0.8708541531050742,0.8776589096306379,0.022828017394227466,3471.0189411956876,-154.34323517129087,8104.972968031733,100.0
BIF,15,2,500,0,327.4,333.0,54.039800147668934,327.7415277481079,331.88794708251953,56.90591464589373,4.834551633836528,5.22980564136512,2.9060234638316333,0.8105866747683607,0.8210051167766351,0.045071484733346545,1.5737097766383878,1.5496424928798684,0.07891223872528777,0.8962401048918599,0.9005021058481351,0.0229355682151344,-47.45082913629049,-45.23147185684775,13.608007310674292,100.0
PF-10000,5,2,500,0,271.6,231.0,156.9850311335447,285.1509593963623,271.4514594078064,193.13310229817745,0.9659848432412879,1.0172704826988173,0.2334294389959084,0.9767998473904763,0.9725870244842871,0.01040945884615409,1.6797636053499385,1.6139124783112293,0.2767480067489461,0.8140541599162677,0.8200367798513293,0.025223874056309464,1985.827001953125,-49.56396484375,4957.399585626894,100.0
PF-1000,10,3,1000,1,332.2,379.0,112.69738240083485,61.510817766189575,55.40232276916504,17.793995798924403,7.958741176641389,6.61953550724778,4.151739049561883,0.8005254008103325,0.8255688759477032,0.08016350398073563,3.3598936370846104,3.257335955024017,1.0593404355880778,0.371928278487801,0.3543479282515059,0.18809732626858355,979954.75,81026.6875,1964624.0892984201,100.0
PF-5000,10,2,1000,0,344.2,291.0,169.80488803329544,380.04235649108887,343.4775502681732,208.0289321223484,1.346433263358664,1.1988871775399583,0.9339936152567025,0.9849160709181122,0.9890838487081697,0.009113244713180207,1.8250243406455737,1.8756323179174563,0.177099928709413,0.8290316711971751,0.8366604413201281,0.02930731855166135,3698.30546875,4025.41943359375,5977.874221613084,100.0
PF-1000,15,5,500,1,447.6,413.0,159.6975265932444,58.918615388870236,53.68911266326904,22.38775348946646,4.3357727223068565,3.7839964650122417,2.2086973726753234,0.7309737705567521,0.7312136651928872,0.20991586126715103,2.511643220125849,2.5275566244550385,0.37046052886230785,0.33878026762420616,0.2895757709050824,0.14061280677405966,-9833248.742578125,-9936660.375,701523.2138895253,100.0
PF-10000,10,5,500,0,419.0,440.0,158.06486010495817,626.4736589431762,517.8264665603638,322.6338526551918,1.2512008200367368,1.2793856718284116,0.3047618377080666,0.8190507654238546,0.8199023856884777,0.03504871605686454,2.1190125148351724,2.0639895940214705,0.164245761422716,0.6657229513793625,0.6543308734746863,0.05365958264890388,-9301.828125,-21804.552734375,20464.27138333258,100.0
PF-1000,15,5,2000,1,146.75,134.5,60.83515978993288,70.12731695175171,71.48538541793823,14.00249971746334,12.378290943617673,12.144158774648115,8.195561092344715,0.8691004632689228,0.8936751613918752,0.12403303234295732,3.157246967772206,2.6729534103393195,1.2970935385966489,0.4764409994737189,0.506855882249117,0.20468944177228346,75804848.25,15601511.0,133417177.64269368,100.0
BIF,5,2,2000,1,103.4,96.0,21.62868465718616,326.7994127750397,308.95150542259216,76.28345188758529,4.3758373979617415,4.671410437766186,2.0417689433750605,0.7173161122915692,0.7155286216991323,0.05911503225170454,1.6383835614169442,1.6234453283874162,0.042505430147207285,0.8649408429135604,0.868333647551262,0.020886931471105895,15.084488388818794,-16.5605701287315,81.31729289000587,100.0
BIF,15,3,1000,0,365.4,419.0,190.1586180008679,768.4198970317841,883.2534000873566,399.2262929659366,1.8167887466445123,1.6634798272493734,0.647408841445288,0.794733015340658,0.8106363100590505,0.049594145063812434,1.670800938612429,1.511387246405192,0.3862461310358946,0.8553243503374104,0.8577786027711474,0.018037233023463703,2984.9894238211177,-81.27799408803457,6862.372118576104,100.0
PF-1000,10,3,500,0,344.6,339.0,112.17085182880622,31.714707469940187,29.8692364692688,6.786598663800623,1.961863255810243,1.6459613432743543,0.734101910665597,0.6667204789836667,0.6185297421185761,0.1074587907171433,2.1253090488986013,1.8971482673884335,0.7470580840801408,0.5563198574455727,0.5523973455038016,0.08444597883138467,-277407.66015625,-315378.25,115654.73423637268,100.0
BIF,5,2,1000,0,76.0,89.0,21.118712081942874,137.0940546989441,156.14403367042542,34.40483694165998,3.3415327768099177,2.415169098460095,2.3153177276803367,0.7789508102636054,0.779425079142985,0.031100086652546266,1.7311647285196379,1.7039067299836426,0.07825388020438269,0.8489723045447407,0.8546008412024817,0.025080188014534176,-1.671642862827042,7.519618602124183,31.224724355193867,100.0
PF-5000,15,3,500,0,212.8,186.0,119.70672495728884,142.27339644432067,125.21735095977783,67.7484689340483,1.2017694543232924,0.866558685166698,0.571278697136145,0.9453494717709756,0.9507556228129896,0.025738378832846496,1.9862827032854482,1.9573619715821993,0.1579593947670241,0.7811175997811379,0.7850291232900801,0.016800783935473698,12684.1251953125,3646.3603515625,18392.191621073707,100.0
PF-5000,5,2,2000,0,402.0,365.0,77.64019577512668,321.9482319831848,292.24068212509155,131.0594984641732,8.339773376807196,8.794941155348823,4.632150771439332,0.9355604892634141,0.991053346031288,0.12536416372560946,6.270888116305864,2.074930116505777,10.044700745635497,0.7841709598182154,0.8718397205032056,0.16369205080847002,27390562.11796875,349420.6279296875,53534472.87046949,100.0
PF-1000,10,2,500,0,400.0,375.0,206.13830308799965,48.544949531555176,44.901267290115356,18.75819196485172,1.5572758906817676,1.3376083537837609,0.999792480127262,0.9809276735543706,0.9837470582881858,0.008973841831813574,1.8569495470033839,1.676462942275926,0.2830173281430603,0.8306791268462842,0.8244110612581189,0.054889476103662786,-515754.20869140624,-34043.23046875,1104623.2019870973,100.0
BIF,15,5,500,1,438.2,482.0,243.65487887583944,646.3946759700775,692.1437466144562,356.3355245413478,1.3627161502426985,1.4047918085939872,0.45741237009959607,0.8029586196680611,0.8141692095254907,0.06605822323986198,1.4953309203775138,1.4973534005095275,0.0385354211612145,0.761084015493205,0.7763802519219055,0.06858230759755261,381.9628525820041,-101.11491868548615,1128.9851523247796,100.0
BIF,15,3,500,0,342.2,391.0,168.0526703149938,366.30138339996336,422.7757532596588,174.80483408296843,1.7352290805378903,2.1316716876866644,0.8667865983492264,0.7846876807250409,0.7701159891887253,0.047250577517315116,1.7058713328763364,1.5588834540633663,0.3993812633606984,0.8462826709395765,0.8629780373366268,0.03403607310449998,1199.4412387365835,-58.32380669760323,2839.2742938671217,100.0
PF-5000,10,5,500,0,293.4,283.0,70.56769799277855,291.64028401374816,241.6935601234436,109.86185668563986,0.9538577036138888,0.9664318130622733,0.19789496039663904,0.7919065151846965,0.7835531678918046,0.02832356964633357,1.8979613441229852,1.9168976279315995,0.16975249643357773,0.5967920320293129,0.574771012510719,0.054352790217681794,-139532.521875,-142354.91796875,7082.508716417032,100.0
BIF,10,2,2000,0,285.2,300.0,34.288482031142756,988.4388134479523,1063.0840661525726,117.69836932670583,4.7993440207279585,4.359787782390376,1.4162741767176485,0.7881020216384778,0.7955498265257782,0.038085728262581386,1.5711117431311705,1.570183007901099,0.01680828458944461,0.9031895561607184,0.9025660556723071,0.00275236042328753,-77.24904847114121,-80.26375676289172,16.011375556449444,100.0
PF-5000,15,5,2000,0,405.2,317.0,322.37276559908094,777.3138329029083,559.7484748363495,664.6360235538057,5.765072022761702,4.6160143975941175,5.327957697314563,0.7743838465835338,0.7986783339063068,0.15303968370669824,3.4420240613730506,2.3843107644320325,2.607953024521904,0.3899141680525773,0.38780492705148234,0.2789389620088149,35714404.909375,-1421698.75,80226857.45110257,100.0
PF-5000,5,2,1000,0,268.0,245.0,87.40995366661625,137.00203437805175,153.57375407218933,59.25883542866272,3.0336066267232518,3.2466552958716806,1.9746994029057707,0.9927290154965288,0.9930255128941431,0.0015141414032217428,2.4186688469369257,2.6597788885073372,0.6758949733935297,0.680968658239079,0.7218594803541136,0.17132852958465974,2185865.5301757813,1355701.36328125,2572205.94440641,100.0
PF-5000,10,3,500,0,347.4,239.0,256.9694534375633,181.89152412414552,131.05255699157715,152.64358411882242,1.228610030907457,0.8550181314661202,1.1135498498084975,0.7189261768844862,0.7518905814596623,0.26306527269466606,1.5903821029012468,1.3149067793231752,0.7937439461499931,0.5989717153156966,0.7011063659141973,0.3102940416696361,20676.0427734375,3496.224609375,36054.53319806335,100.0
PF-1000,10,3,2000,0,209.6,184.0,80.09556791733236,71.16321578025818,63.40881085395813,25.964852100448233,14.45822386938666,5.214351321403257,16.029047430888312,0.7944383305488312,0.8405235183718225,0.14057458934219855,2.7485480586850914,3.2003899716279687,0.9367404492530886,0.5744657578940111,0.5478159423754986,0.19915983345193683,48759555.0875,4669820.21875,89740160.68283424,100.0
PF-1000,15,2,1000,0,311.0,316.0,92.4256457916308,70.33909649848938,68.9307689666748,15.368898391697444,3.2468220486443315,1.1758372690212695,3.796827939414849,0.9665023942303158,0.9756011205332847,0.02134514121412883,1.8154616368439136,1.8056606549752874,0.2810786961606216,0.8190754921454143,0.8389266999421712,0.0471857717895416,-1242045.91953125,-140805.21484375,2331812.5779379825,100.0
PF-1000,50,5,2000,0,160.0,156.0,34.79942528261063,153.0991515636444,142.25232553482056,39.545389147231084,2.6815404437169468,2.7099057738135066,0.3976793924101513,0.6803443964811049,0.6855861081528891,0.0194596856036015,2.5804093568331603,2.597507174089434,0.100483168072031,0.5963521900757274,0.6024912076355604,0.052889220242984876,-1271889.375,-1324310.125,684778.3597709737,100.0
PF-5000,50,5,2000,0,186.2,186.0,27.362382937163936,683.8579358577729,706.2260978221893,142.62114014514353,2.7448729284770432,2.77565456300569,0.5881943296025264,0.7452083716803994,0.7434332414321714,0.011645087855393713,2.5381274115446084,2.5261845124715174,0.11049213708970229,0.6427519019804837,0.6427208583276861,0.019699280083432632,315227.875,702853.625,837174.0496673355,100.0
PF-1000,15,5,2000,0,225.0,200.0,137.0310183863493,102.947829580307,85.15605044364929,56.63551716856231,10.31940727809885,10.47821543845481,4.103548116981029,0.8227662570222043,0.9346483004480645,0.23338813359383845,2.8908648886843915,3.295420237840176,0.6409446093240903,0.43755080773584,0.5683712620694311,0.34786913523610574,68429192.05,27135955.0,94251101.14200464,100.0
