N,K,num_particles,config_id,filter_type,rmse_f_mean,rmse_f_median,rmse_h_mean,rmse_h_median,rmse_f_ratio,rmse_h_ratio
50,10,5000,PF 5000,PF,4018463378271.357,0.9441011647354968,2.0565470527650715,1.6934397166498902,4256390658512.9424,1.2144199953178798
100,5,20000,PF 20000,PF,56136646.65377366,0.2053780680555477,1.1550749418098745,0.9325823592197662,273333210.2364047,1.2385768724772512
50,10,20000,PF 20000,PF,9272199.37365751,0.6430170330787675,1.7890312627953815,1.462661639003738,14419834.77367962,1.2231340558120767
20,15,1000,PF 1000,PF,2184215.278789861,2.296120239588169,2.633657414958316,2.3871298792082083,951263.457867355,1.1032736165289334
10,5,5000,PF 5000,PF,9451.51216745572,0.3330987300493905,1.0462070258836331,0.8512840546981634,28374.506759765456,1.2289752405318843
100,15,1000,PF 1000,PF,19283.078553732565,1.5462440640793744,2.2903513638099486,2.101462281083834,12470.91516901868,1.0898845934216315
50,15,1000,PF 1000,PF,16237.471083106024,1.8383154302291405,2.515109371298935,2.192537361557399,8832.799211766433,1.1471226969251769
10,10,20000,PF 20000,PF,4223.261729919419,0.8923300879482186,1.846831028785427,1.5609970858407594,4732.846944150663,1.1831098504522297
100,10,1000,PF 1000,PF,2367.1790221693004,0.9322360662221596,2.022533858792072,1.6977185701468906,2539.248488596001,1.1913245777932897
150,10,1000,PF 1000,PF,1749.2126554551148,1.0036846705975635,1.9965767655679232,1.7266250744353138,1742.7910445356174,1.1563464443610585
20,15,5000,PF 5000,PF,439.1227748302744,1.9166901378825512,2.449197512602142,2.2200296977787324,229.10472911150467,1.1032273645044952
10,10,1000,PF 1000,PF,234.79440314252287,1.457121079899783,2.3846036950452416,1.9019139094568056,161.13582212308083,1.2537916060176952
5,5,5000,PF 5000,PF,54.64540720517571,0.4842236177199653,0.941906424587344,0.8080267667102634,112.851594192124,1.1656871571496916
50,10,1000,PF 1000,PF,90.60753191984652,1.249981433477692,2.0556661004082586,1.8065603190430968,72.48710220259728,1.1378895455298768
50,10,10000,PF 10000,PF,53.17792905699089,0.7918840925894004,1.838958402793444,1.5864572380479922,67.15367760842769,1.1591603975762588
100,10,20000,PF 20000,PF,43.27643083482307,0.7406143015154658,1.7589382859624418,1.585691487079912,58.43315575498558,1.1092563088684848
10,5,1000,PF 1000,PF,19.47487535162401,0.3938192511364385,1.0481320172658426,0.9407442224238132,49.4513036003843,1.1141519578673005
150,15,1000,PF 1000,PF,61.782275776102935,1.6974711756466432,2.365127260508185,2.2179587361118798,36.39665678126598,1.0663531390373358
150,10,20000,PF 20000,PF,20.69538261845224,0.6455404985479954,1.738914170560408,1.5709444362186251,32.05899965223259,1.1069227723585806
150,15,10000,PF 10000,PF,44.25407495199043,1.4966523227258928,2.247029188781764,2.098331806848948,29.568707628361746,1.0708645703446271
150,10,10000,PF 10000,PF,18.382499571422283,0.8454970035256761,1.7856898327707265,1.649825039314321,21.741649579795396,1.0823510313026112
100,15,20000,PF 20000,PF,20.69083144277586,1.1208927663110675,2.1522332011113074,1.9146781214334925,18.45924254723381,1.1240705040803207
10,10,10000,PF 10000,PF,18.29551119314743,1.1950145642118706,1.8844437881465737,1.7457090575942078,15.30986461676606,1.079471851250837
50,15,5000,PF 5000,PF,27.332526585575124,1.8559897392417344,2.345790570082497,2.195502930816997,14.726658239361734,1.0684524885646927
50,15,20000,PF 20000,PF,19.896547597870114,1.44104404550664,2.2901670799290037,2.1591672898758274,13.807036405243892,1.060671440637057
100,3,5000,PF 5000,PF,1.1423892982591175,0.0924956916776327,0.5919768634676335,0.5416065931243708,12.3507298290237,1.093001582666657
100,15,5000,PF 5000,PF,16.071735617463037,1.3889310628253235,2.2327173699082685,2.101133203790888,11.571298279390755,1.0626253327870765
20,15,10000,PF 10000,PF,17.977188776286322,1.6754981017112556,2.320034903359474,2.135019473009834,10.72945935177454,1.0866574908044353
20,15,20000,PF 20000,PF,15.579743694249323,1.7848764943656867,2.440041410995615,2.1937767976826086,8.728751677457709,1.1122560023303862
150,5,5000,PF 5000,PF,2.138518725624168,0.2613089201179863,1.1092913393299109,1.0096556244457906,8.183871888715407,1.0986828701507123
10,10,5000,PF 5000,PF,7.516704600361002,1.072176842631092,1.8532071255808051,1.679696851368465,7.010694786053407,1.1032985648993625
100,10,5000,PF 5000,PF,6.025339616227252,0.8853749983689851,1.805659622406589,1.6197242543935126,6.8054097160265155,1.1147944580744071
100,10,10000,PF 10000,PF,4.535767402573631,0.7023271547377439,1.6579123767809645,1.554547878583588,6.458197397005578,1.0664916787841594
150,5,10000,PF 10000,PF,1.529461153032754,0.2394889308285964,1.1323983662632633,1.037839266620752,6.386354257547703,1.0911115070355737
5,5,20000,PF 20000,PF,2.6893011557434288,0.4428579249552097,0.8616692814363069,0.7897172185790282,6.072604788579594,1.0911111739297583
20,10,10000,PF 10000,PF,5.071586199991096,0.856619231184967,1.8609851789924596,1.687461920422015,5.920467362115531,1.1028309181205396
50,15,10000,PF 10000,PF,9.311055424644222,1.7068068389869848,2.2394868137564985,2.032642201633413,5.455248486214451,1.1017614472221755
10,5,10000,PF 10000,PF,1.5654619548924529,0.2989268652005032,0.913825920517519,0.8462387771032285,5.236939656937257,1.079867698388449
10,3,20000,PF 20000,PF,1.0968963686344342,0.2117523356480759,0.4797876922346059,0.4376363656673728,5.1800910024314115,1.0963158683190197
20,10,1000,PF 1000,PF,5.425540563302877,1.065352473614337,1.9619660913344144,1.7641982240441592,5.092718792772946,1.1121007064823487
10,5,20000,PF 20000,PF,1.220379611276174,0.2796438485031545,0.7965421124331659,0.7449801050650342,4.364049550199233,1.069212596440586
50,5,10000,PF 10000,PF,0.924199853936802,0.234929831603738,1.076614967377065,0.9806776075891132,3.9339399667883512,1.097827623518195
100,15,10000,PF 10000,PF,5.460783765185337,1.6430851629376462,2.323465698171834,2.1541772867189337,3.323494051532963,1.0785861091826598
5,2,1000,PF 1000,PF,0.994885014660849,0.3017082220888387,0.3547213398336212,0.3222133851865858,3.2975071337893564,1.1008895227248576
150,15,5000,PF 5000,PF,4.152548779444736,1.2934922391677293,2.135974448623746,1.9758504209346064,3.2103391529558825,1.0810405615691288
150,10,5000,PF 5000,PF,2.2218284671320667,0.7103935934527896,1.6292500635096838,1.5782764845387178,3.1276020611800774,1.0322969894504028
20,5,5000,PF 5000,PF,0.8570409769964661,0.2884499366662518,1.0170105042961108,0.9777844059128415,2.971194887063182,1.0401173286729282
150,5,20000,PF 20000,PF,0.5480587728637485,0.2114092634517778,1.0854690070173092,1.0047952238071416,2.592406614144229,1.0802887805382841
50,5,1000,PF 1000,PF,0.9684890559091182,0.3739155262722136,1.1800847521565354,1.0475687621683525,2.59012795099621,1.1264986077991572
20,10,5000,PF 5000,PF,2.3670766626271744,0.9232866398809408,1.8210229476632709,1.6809677206265252,2.5637505844689925,1.0833182132638126
150,15,20000,PF 20000,PF,2.774047494919837,1.1144485606016865,2.0528556873535044,1.9357217080999292,2.489166026130573,1.0605117867736018
10,3,10000,PF 10000,PF,0.5146863560981277,0.2180187599445575,0.4909991111804536,0.4622319537912146,2.3607434343219516,1.0622353282876518
20,10,20000,PF 20000,PF,1.7479905479087237,0.752605229675141,1.7178509680433314,1.5366451134549957,2.322586236430003,1.1179230344089743
50,5,20000,PF 20000,PF,0.4421513369124994,0.1977573646474408,0.9873258658940792,0.9134076646016702,2.235827412550531,1.0809257510715593
150,2,5000,PF 5000,PF,0.1124939401888149,0.0525415625586127,0.3498090897429696,0.3202430623408148,2.141046720171719,1.0923237093289144
50,5,5000,PF 5000,PF,0.5701126528309901,0.2664545622869441,1.0734926417047352,0.9785179132173498,2.1396242869245286,1.0970597749969748
20,5,20000,PF 20000,PF,0.4368030909192755,0.2085015675676508,0.9224190585001892,0.8678824443451463,2.0949631027476547,1.0628387110609123
100,5,5000,PF 5000,PF,0.6066384793489107,0.2919410612999998,1.1857724402490608,1.0975266685390814,2.0779484620888136,1.0804042163526135
150,5,1000,PF 1000,PF,0.6395945212851355,0.3484534827106729,1.1624810006460466,1.074313025818693,1.8355233998800413,1.0820691667218352
20,5,10000,PF 10000,PF,0.3718794590931774,0.2298280311371385,0.9072481950211057,0.8437144487783308,1.6180770346123563,1.0753024276575678
50,3,5000,PF 5000,PF,0.1687342726077638,0.1077594715232173,0.5643292034794828,0.5292777715375837,1.565841686328326,1.0662250217689524
100,5,1000,PF 1000,PF,0.5579512901975537,0.3592960392697579,1.1363243189937038,1.060705039171196,1.5529013103833476,1.0712915250045332
20,5,1000,PF 1000,PF,0.5508303041052178,0.3605219656214766,1.0701322783530551,0.9805873150310316,1.5278689140498918,1.0913176847685306
5,5,1000,PF 1000,PF,0.8355791712288847,0.54803598806654,1.0277442284432834,0.926501466048412,1.5246793813245574,1.1092742603275938
5,5,10000,PF 10000,PF,0.6548924835145526,0.4563555212236923,0.8528730249374246,0.7843244644756877,1.4350488885474517,1.087398217914267
100,3,20000,PF 20000,PF,0.0991366201538182,0.0715381786250799,0.5446381091120935,0.5240560410749802,1.3857861922006331,1.0392745554366551
100,5,10000,PF 10000,PF,0.3196099666112548,0.2354178680548846,1.061264410754141,0.9780920363316994,1.3576283280959027,1.085035325238284
100,3,10000,PF 10000,PF,0.1010249559589341,0.0794255262526973,0.5440631311500025,0.5310222131795117,1.271945692087917,1.0245581402186696
20,3,10000,PF 10000,PF,0.18504462069484,0.1488206395331642,0.5075460213542459,0.4808146623416824,1.2434069714745675,1.055595973056178
50,3,10000,PF 10000,PF,0.1153644269712658,0.0971006170114416,0.5301572901023492,0.5050310463960782,1.1880915953157345,1.0497518793855802
150,3,5000,PF 5000,PF,0.1059394037142435,0.089668800693379,0.637047890383983,0.6251980647553256,1.181452220784145,1.0189537145053302
100,3,1000,PF 1000,PF,0.1576540843351747,0.1349512464657861,0.625074606416775,0.5939097568971352,1.1682299235016285,1.0524740487215762
150,3,10000,PF 10000,PF,0.0864628375551772,0.0740395017375264,0.5862155118958811,0.5466596795110242,1.1677933471472044,1.0723591548223177
150,3,1000,PF 1000,PF,0.1570077764526884,0.136753122823901,0.6836193528926349,0.6308282328967452,1.1481110866833337,1.0836854110880143
150,3,20000,PF 20000,PF,0.0727226069874821,0.0634209580341187,0.548374715459197,0.5346991290426697,1.1466652230065555,1.025576227215878
50,3,1000,PF 1000,PF,0.1640448051727875,0.1477154152645257,0.6104981126027819,0.581251473942797,1.11054628170675,1.0503166701008024
150,2,1000,PF 1000,PF,0.0734293183752716,0.066524188206925,0.3886438435926795,0.3788906585400957,1.1037987888986789,1.0257414238982925
20,3,5000,PF 5000,PF,0.1674169229973693,0.1518781216183213,0.5069974746223784,0.5113998447215944,1.1023109926135242,0.9913915302387066
5,3,20000,PF 20000,PF,0.3587365943494373,0.3275355400553866,0.5131481816007809,0.4885893202115481,1.0952600572407334,1.0502648346439487
10,3,5000,PF 5000,PF,0.2338796588350024,0.218868584528939,0.5078476273791356,0.499460282040246,1.0685848740620818,1.0167928174481224
20,2,1000,PF 1000,PF,0.1515186120331857,0.1425788743768671,0.3630517364971353,0.3469457452891904,1.0627002962071992,1.0464222185359846
20,3,20000,PF 20000,PF,0.153061371771628,0.1441076656838328,0.4868920311560258,0.4791913507724324,1.0621320597020796,1.0160701572997515
5,2,20000,PF 20000,PF,0.2916525480007529,0.2750246225765688,0.3444206826833296,0.3197128640057599,1.060459769995884,1.0772812778566352
100,2,1000,PF 1000,PF,0.0789742223065087,0.074748453617719,0.3795200309168914,0.3800638721004499,1.056533192116606,0.9985690795061554
5,3,1000,PF 1000,PF,0.3626385696796181,0.3470518146310708,0.5327041260966401,0.5014219981533254,1.04491189612455,1.0623868279782753
20,3,1000,PF 1000,PF,0.1806207903940175,0.1731136397335878,0.5277931220891372,0.5027452580763108,1.04336544868436,1.0498221785495676
50,2,1000,PF 1000,PF,0.0989150203679077,0.0948995317547023,0.3526538695584269,0.3318265810492257,1.0423130498007587,1.0627655820800912
20,2,10000,PF 10000,PF,0.1378172606901949,0.1323001493483458,0.336356565422896,0.3515694109370246,1.0417014747830902,0.9567287567095716
10,2,1000,PF 1000,PF,0.2006888171851368,0.1941449833221525,0.3594427575104746,0.3540265301789945,1.0337059127205253,1.0152989306443834
5,2,10000,PF 10000,PF,0.2803573017741754,0.2712878813848994,0.349224038337954,0.3436570498160098,1.0334309824050283,1.016199255987691
100,2,5000,PF 5000,PF,0.063725615480784,0.0617899041663791,0.3409397644178811,0.3138159142257992,1.031327307276488,1.0864323603823531
10,3,1000,PF 1000,PF,0.2342904366810234,0.227665033176699,0.5129258115652758,0.5048788101735625,1.029101541909522,1.0159384811355956
5,3,10000,PF 10000,PF,0.3309588456338347,0.3221583057948265,0.4950525135426233,0.4783016860870415,1.027317438913442,1.0350214685476427
5,3,5000,PF 5000,PF,0.3416190822377314,0.3332039535577304,0.511308997390573,0.494513295410304,1.0252551885718937,1.0339641059930116
10,2,20000,PF 20000,PF,0.2036044204759829,0.1987729602240712,0.3340606745044965,0.3045803448358969,1.0243064260172274,1.0967899937354235
10,2,5000,PF 5000,PF,0.1987656639502205,0.1953184556283302,0.3406661587846044,0.3073707268669352,1.0176491684352142,1.1083233665647128
5,2,5000,PF 5000,PF,0.3051120845972155,0.3005402797102683,0.383716844205612,0.3609036755034312,1.0152119539229636,1.063211239592831
50,3,20000,PF 20000,PF,0.0936625979057508,0.0923272989790058,0.4839215108314724,0.4781294636367821,1.0144626664216467,1.0121139725434078
20,2,20000,PF 20000,PF,0.1364748852674106,0.134654069161742,0.3413466131536637,0.3262941737233618,1.013522176618974,1.0461314992497037
150,2,10000,PF 10000,PF,0.0499608900211355,0.0493728803173297,0.3355234163435464,0.3167436148682188,1.0119095685734059,1.0592902290489452
10,2,10000,PF 10000,PF,0.2000018096904969,0.1978831836831861,0.3539395334052272,0.3279016833899091,1.0107064479551873,1.0794074911300666
50,2,5000,PF 5000,PF,0.0856277145768438,0.0847901962699447,0.3413170892142803,0.3340768710987916,1.0098775370708273,1.0216723117996027
20,2,5000,PF 5000,PF,0.1370647015537864,0.1362911067270101,0.3516598681709066,0.316122124912142,1.005676047728674,1.1124177666104245
100,2,20000,PF 20000,PF,0.0595681724012824,0.0592404126683897,0.3383023399864982,0.3508819625437037,1.0055327050931837,0.9641485630494938
50,2,10000,PF 10000,PF,0.0852192203118806,0.0847794969106613,0.3240173841152938,0.3035061333943945,1.0051866715095357,1.0675810089618378
100,2,10000,PF 10000,PF,0.0604452964955317,0.0602897621892585,0.3433235573436375,0.332175651478217,1.0025797797275258,1.0335602739568994
50,2,20000,PF 20000,PF,0.0827948041253613,0.0826197464235626,0.319969232316162,0.3069791412084861,1.0021188361060955,1.0423158754583055
150,2,20000,PF 20000,PF,0.0482462900102868,0.048386175063262,0.3205952104558776,0.3093666877039985,0.9971089871684978,1.0362951901357347
