Component,Eigenvalue,Proportion_Variance,Cumulative_Variance
PC1,71.21965870220451,0.7486647905223897,0.7486647905223897
PC2,4.962949280823574,0.05217078333999394,0.8008355738623836
PC3,3.107996069354202,0.03267141781648905,0.8335069916788727
PC4,0.8743876174703691,0.009191608530532908,0.8426986002094056
PC5,0.6470056800949937,0.006801357669804742,0.8494999578792103
PC6,0.5245776144133768,0.005514387417239464,0.8550143452964497
PC7,0.4903316767345987,0.005154392322826977,0.8601687376192767
PC8,0.43597111527433646,0.004582951247428128,0.8647516888667048
PC9,0.392822402061728,0.004129369709306713,0.8688810585760115
PC10,0.3750062472507412,0.003942085354782432,0.872823143930794
PC11,0.35875728736347273,0.003771275435556689,0.8765944193663506
PC12,0.3503651417763857,0.0036830567606503544,0.880277476127001
PC13,0.3281008994855327,0.0034490138770622977,0.8837264900040633
PC14,0.3056221119679336,0.0032127156827894327,0.8869392056868528
PC15,0.28480510183026775,0.0029938861795593694,0.8899330918664122
PC16,0.27769143221924714,0.002919106911219301,0.8928521987776316
PC17,0.2675946170861365,0.0028129686605688586,0.8956651674382005
PC18,0.2612034923879405,0.0027457848222780233,0.8984109522604785
PC19,0.25255462658041444,0.002654867490939459,0.901065819751418
PC20,0.24580227476457261,0.0025838864142275005,0.9036497061656454
PC21,0.2351744678984666,0.0024721663506086142,0.9061218725162541
PC22,0.22636348016406002,0.002379544785065073,0.9085014173013192
PC23,0.22339766019929524,0.002348367929922702,0.9108497852312418
PC24,0.22025616946492235,0.002315344414429437,0.9131651296456713
PC25,0.2136075795456138,0.0022454540882201886,0.9154105837338915
PC26,0.20684839539513894,0.002174401189647945,0.9175849849235395
PC27,0.20042655222076436,0.0021068944371231404,0.9196918793606625
PC28,0.19467699768057428,0.002046454818008605,0.9217383341786711
PC29,0.19386339497210245,0.0020379021836320005,0.9237762363623031
PC30,0.19347548467294623,0.0020338244502062673,0.9258100608125094
PC31,0.18758259605030203,0.0019718780956935193,0.9277819389082029
PC32,0.18239264668716237,0.0019173210755732235,0.9296992599837761
PC33,0.17937898400912372,0.0018856412953177039,0.9315849012790938
PC34,0.17359427928139468,0.0018248321755867623,0.9334097334546805
PC35,0.17249543707016324,0.001813281088585228,0.9352230145432657
PC36,0.17061110794926293,0.0017934729219598747,0.9370164874652256
PC37,0.1677546077535297,0.0017634452419676427,0.9387799327071933
PC38,0.16248459060667436,0.001708046545102254,0.9404879792522955
PC39,0.1600350245988944,0.0016822965786533334,0.9421702758309489
PC40,0.1561929620108344,0.0016419086150618312,0.9438121844460108
PC41,0.1543987465096145,0.001623047727536527,0.9454352321735473
PC42,0.15259138106849354,0.0016040486071527567,0.9470392807807001
PC43,0.14983711430646018,0.0015750956103817027,0.9486143763910818
PC44,0.14616217633340053,0.0015364644695152793,0.9501508408605971
PC45,0.1454004336021635,0.0015284569899414425,0.9516792978505385
PC46,0.1441697888722842,0.0015155203879457066,0.9531948182384842
PC47,0.14188900827555123,0.0014915447025970802,0.9546863629410812
PC48,0.13644759047421742,0.0014343442330551743,0.9561207071741364
PC49,0.13501479049608409,0.001419282564478876,0.9575399897386153
PC50,0.13229192214354343,0.0013906596294364789,0.9589306493680518
PC51,0.12906841809626576,0.0013567739856931663,0.960287423353745
PC52,0.12570069186202468,0.0013213722707504237,0.9616087956244954
PC53,0.12290288517904285,0.0012919615800449952,0.9629007572045404
PC54,0.1214161640182442,0.001276333089166253,0.9641770902937067
PC55,0.11995868370640625,0.0012610119796266073,0.9654381022733333
PC56,0.11784499720309967,0.0012387927961586718,0.966676895069492
PC57,0.11694975998562035,0.0012293820155384713,0.9679062770850304
PC58,0.11468320319917231,0.001205555851630153,0.9691118329366606
PC59,0.11247831985587772,0.0011823780021934375,0.970294210938854
PC60,0.10782050335579421,0.0011334147906606811,0.9714276257295147
PC61,0.10757628076619537,0.0011308475099798317,0.9725584732394945
PC62,0.10576501149375081,0.0011118073523162797,0.9736702805918108
PC63,0.10356897483746257,0.0010887224997177282,0.9747590030915285
PC64,0.10165174865803871,0.0010685685174864434,0.975827571609015
PC65,0.10033560786765053,0.00105473317641504,0.97688230478543
PC66,0.09788901279230532,0.0010290144405638146,0.9779113192259938
PC67,0.09635082825218066,0.001012844963940339,0.9789241641899342
PC68,0.0953758801241213,0.0010025962580441795,0.9799267604479784
PC69,0.09466898432155156,0.0009951653322633506,0.9809219257802418
PC70,0.0912655056979891,0.0009593877863274566,0.9818813135665693
PC71,0.09006894646996527,0.0009468094929163375,0.9828281230594856
PC72,0.08814837159378541,0.0009266203090089839,0.9837547433684947
PC73,0.08666272695868721,0.0009110031346249107,0.9846657465031196
PC74,0.08484885066666,0.000891935571834666,0.9855576820749542
PC75,0.0822825756180971,0.0008649587538231005,0.9864226408287773
PC76,0.08181238437962493,0.0008600160788444386,0.9872826569076217
PC77,0.0789857357139384,0.0008303021997029328,0.9881129591073247
PC78,0.07799822010172668,0.0008199213837537095,0.9889328804910784
PC79,0.0773022195514204,0.0008126049894365547,0.989745485480515
PC80,0.07576882550305172,0.0007964858707138659,0.9905419713512289
PC81,0.07422816073989906,0.0007802903218557356,0.9913222616730847
PC82,0.07280424982850565,0.0007653220956155852,0.9920875837687003
PC83,0.07076708092443079,0.0007439072691671018,0.9928314910378674
PC84,0.06928253872425665,0.0007283016836368159,0.9935597927215042
PC85,0.06854090675885721,0.0007205056094890569,0.9942802983309933
PC86,0.06465250242832411,0.0006796304990682483,0.9949599288300616
PC87,0.06367256564709131,0.0006693293521880803,0.9956292581822497
PC88,0.06096428731641493,0.0006408597882213352,0.996270117970471
PC89,0.05842106464107995,0.0006141252979671364,0.9968842432684382
PC90,0.05631302797974405,0.000591965505934551,0.9974762087743727
PC91,0.055934337277663115,0.0005879846893972005,0.99806419346377
PC92,0.05450056260488563,0.0005729127747796423,0.9986371062385496
PC93,0.05264969441435777,0.000553456351210693,0.9991905625897604
PC94,0.03971899865156217,0.0004175281986335947,0.999608090788394
PC95,0.037281892572275606,0.0003919092116070051,1.0000000000000009
